1;rh.lateralorbitofrontal_9;1;ctx-rh-lateralorbitofrontal
2;rh.lateralorbitofrontal_11;1;ctx-rh-lateralorbitofrontal
3;rh.lateralorbitofrontal_5;1;ctx-rh-lateralorbitofrontal
4;rh.lateralorbitofrontal_6;1;ctx-rh-lateralorbitofrontal
5;rh.lateralorbitofrontal_7;1;ctx-rh-lateralorbitofrontal
6;rh.lateralorbitofrontal_10;1;ctx-rh-lateralorbitofrontal
7;rh.lateralorbitofrontal_4;1;ctx-rh-lateralorbitofrontal
8;rh.lateralorbitofrontal_17;1;ctx-rh-lateralorbitofrontal
9;rh.lateralorbitofrontal_8;1;ctx-rh-lateralorbitofrontal
10;rh.lateralorbitofrontal_15;1;ctx-rh-lateralorbitofrontal
11;rh.lateralorbitofrontal_13;1;ctx-rh-lateralorbitofrontal
12;rh.lateralorbitofrontal_12;1;ctx-rh-lateralorbitofrontal
13;rh.lateralorbitofrontal_1;1;ctx-rh-lateralorbitofrontal
14;rh.lateralorbitofrontal_3;1;ctx-rh-lateralorbitofrontal
15;rh.lateralorbitofrontal_16;1;ctx-rh-lateralorbitofrontal
16;rh.lateralorbitofrontal_14;1;ctx-rh-lateralorbitofrontal
17;rh.lateralorbitofrontal_2;1;ctx-rh-lateralorbitofrontal
18;rh.parsorbitalis_4;2;ctx-rh-parsorbitalis
19;rh.parsorbitalis_1;2;ctx-rh-parsorbitalis
20;rh.parsorbitalis_2;2;ctx-rh-parsorbitalis
21;rh.parsorbitalis_3;2;ctx-rh-parsorbitalis
22;rh.frontalpole_2;3;ctx-rh-frontalpole
23;rh.frontalpole_1;3;ctx-rh-frontalpole
24;rh.medialorbitofrontal_1;4;ctx-rh-medialorbitofrontal
25;rh.medialorbitofrontal_9;4;ctx-rh-medialorbitofrontal
26;rh.medialorbitofrontal_7;4;ctx-rh-medialorbitofrontal
27;rh.medialorbitofrontal_3;4;ctx-rh-medialorbitofrontal
28;rh.medialorbitofrontal_10;4;ctx-rh-medialorbitofrontal
29;rh.medialorbitofrontal_8;4;ctx-rh-medialorbitofrontal
30;rh.medialorbitofrontal_5;4;ctx-rh-medialorbitofrontal
31;rh.medialorbitofrontal_4;4;ctx-rh-medialorbitofrontal
32;rh.medialorbitofrontal_2;4;ctx-rh-medialorbitofrontal
33;rh.medialorbitofrontal_6;4;ctx-rh-medialorbitofrontal
34;rh.medialorbitofrontal_11;4;ctx-rh-medialorbitofrontal
35;rh.parstriangularis_8;5;ctx-rh-parstriangularis
36;rh.parstriangularis_5;5;ctx-rh-parstriangularis
37;rh.parstriangularis_3;5;ctx-rh-parstriangularis
38;rh.parstriangularis_4;5;ctx-rh-parstriangularis
39;rh.parstriangularis_1;5;ctx-rh-parstriangularis
40;rh.parstriangularis_2;5;ctx-rh-parstriangularis
41;rh.parstriangularis_7;5;ctx-rh-parstriangularis
42;rh.parstriangularis_6;5;ctx-rh-parstriangularis
43;rh.parsopercularis_8;6;ctx-rh-parsopercularis
44;rh.parsopercularis_4;6;ctx-rh-parsopercularis
45;rh.parsopercularis_5;6;ctx-rh-parsopercularis
46;rh.parsopercularis_9;6;ctx-rh-parsopercularis
47;rh.parsopercularis_3;6;ctx-rh-parsopercularis
48;rh.parsopercularis_1;6;ctx-rh-parsopercularis
49;rh.parsopercularis_7;6;ctx-rh-parsopercularis
50;rh.parsopercularis_6;6;ctx-rh-parsopercularis
51;rh.parsopercularis_2;6;ctx-rh-parsopercularis
52;rh.rostralmiddlefrontal_19;7;ctx-rh-rostralmiddlefrontal
53;rh.rostralmiddlefrontal_21;7;ctx-rh-rostralmiddlefrontal
54;rh.rostralmiddlefrontal_16;7;ctx-rh-rostralmiddlefrontal
55;rh.rostralmiddlefrontal_22;7;ctx-rh-rostralmiddlefrontal
56;rh.rostralmiddlefrontal_24;7;ctx-rh-rostralmiddlefrontal
57;rh.rostralmiddlefrontal_10;7;ctx-rh-rostralmiddlefrontal
58;rh.rostralmiddlefrontal_20;7;ctx-rh-rostralmiddlefrontal
59;rh.rostralmiddlefrontal_15;7;ctx-rh-rostralmiddlefrontal
60;rh.rostralmiddlefrontal_18;7;ctx-rh-rostralmiddlefrontal
61;rh.rostralmiddlefrontal_7;7;ctx-rh-rostralmiddlefrontal
62;rh.rostralmiddlefrontal_25;7;ctx-rh-rostralmiddlefrontal
63;rh.rostralmiddlefrontal_23;7;ctx-rh-rostralmiddlefrontal
64;rh.rostralmiddlefrontal_4;7;ctx-rh-rostralmiddlefrontal
65;rh.rostralmiddlefrontal_27;7;ctx-rh-rostralmiddlefrontal
66;rh.rostralmiddlefrontal_14;7;ctx-rh-rostralmiddlefrontal
67;rh.rostralmiddlefrontal_17;7;ctx-rh-rostralmiddlefrontal
68;rh.rostralmiddlefrontal_9;7;ctx-rh-rostralmiddlefrontal
69;rh.rostralmiddlefrontal_12;7;ctx-rh-rostralmiddlefrontal
70;rh.rostralmiddlefrontal_2;7;ctx-rh-rostralmiddlefrontal
71;rh.rostralmiddlefrontal_13;7;ctx-rh-rostralmiddlefrontal
72;rh.rostralmiddlefrontal_11;7;ctx-rh-rostralmiddlefrontal
73;rh.rostralmiddlefrontal_3;7;ctx-rh-rostralmiddlefrontal
74;rh.rostralmiddlefrontal_5;7;ctx-rh-rostralmiddlefrontal
75;rh.rostralmiddlefrontal_8;7;ctx-rh-rostralmiddlefrontal
76;rh.rostralmiddlefrontal_26;7;ctx-rh-rostralmiddlefrontal
77;rh.rostralmiddlefrontal_1;7;ctx-rh-rostralmiddlefrontal
78;rh.rostralmiddlefrontal_6;7;ctx-rh-rostralmiddlefrontal
79;rh.superiorfrontal_40;8;ctx-rh-superiorfrontal
80;rh.superiorfrontal_4;8;ctx-rh-superiorfrontal
81;rh.superiorfrontal_3;8;ctx-rh-superiorfrontal
82;rh.superiorfrontal_14;8;ctx-rh-superiorfrontal
83;rh.superiorfrontal_7;8;ctx-rh-superiorfrontal
84;rh.superiorfrontal_23;8;ctx-rh-superiorfrontal
85;rh.superiorfrontal_10;8;ctx-rh-superiorfrontal
86;rh.superiorfrontal_39;8;ctx-rh-superiorfrontal
87;rh.superiorfrontal_19;8;ctx-rh-superiorfrontal
88;rh.superiorfrontal_29;8;ctx-rh-superiorfrontal
89;rh.superiorfrontal_1;8;ctx-rh-superiorfrontal
90;rh.superiorfrontal_27;8;ctx-rh-superiorfrontal
91;rh.superiorfrontal_30;8;ctx-rh-superiorfrontal
92;rh.superiorfrontal_15;8;ctx-rh-superiorfrontal
93;rh.superiorfrontal_2;8;ctx-rh-superiorfrontal
94;rh.superiorfrontal_11;8;ctx-rh-superiorfrontal
95;rh.superiorfrontal_37;8;ctx-rh-superiorfrontal
96;rh.superiorfrontal_8;8;ctx-rh-superiorfrontal
97;rh.superiorfrontal_36;8;ctx-rh-superiorfrontal
98;rh.superiorfrontal_25;8;ctx-rh-superiorfrontal
99;rh.superiorfrontal_24;8;ctx-rh-superiorfrontal
100;rh.superiorfrontal_38;8;ctx-rh-superiorfrontal
101;rh.superiorfrontal_20;8;ctx-rh-superiorfrontal
102;rh.superiorfrontal_5;8;ctx-rh-superiorfrontal
103;rh.superiorfrontal_22;8;ctx-rh-superiorfrontal
104;rh.superiorfrontal_21;8;ctx-rh-superiorfrontal
105;rh.superiorfrontal_12;8;ctx-rh-superiorfrontal
106;rh.superiorfrontal_18;8;ctx-rh-superiorfrontal
107;rh.superiorfrontal_42;8;ctx-rh-superiorfrontal
108;rh.superiorfrontal_13;8;ctx-rh-superiorfrontal
109;rh.superiorfrontal_32;8;ctx-rh-superiorfrontal
110;rh.superiorfrontal_33;8;ctx-rh-superiorfrontal
111;rh.superiorfrontal_28;8;ctx-rh-superiorfrontal
112;rh.superiorfrontal_41;8;ctx-rh-superiorfrontal
113;rh.superiorfrontal_16;8;ctx-rh-superiorfrontal
114;rh.superiorfrontal_6;8;ctx-rh-superiorfrontal
115;rh.superiorfrontal_9;8;ctx-rh-superiorfrontal
116;rh.superiorfrontal_17;8;ctx-rh-superiorfrontal
117;rh.superiorfrontal_31;8;ctx-rh-superiorfrontal
118;rh.superiorfrontal_35;8;ctx-rh-superiorfrontal
119;rh.superiorfrontal_34;8;ctx-rh-superiorfrontal
120;rh.superiorfrontal_26;8;ctx-rh-superiorfrontal
121;rh.caudalmiddlefrontal_8;9;ctx-rh-caudalmiddlefrontal
122;rh.caudalmiddlefrontal_4;9;ctx-rh-caudalmiddlefrontal
123;rh.caudalmiddlefrontal_2;9;ctx-rh-caudalmiddlefrontal
124;rh.caudalmiddlefrontal_3;9;ctx-rh-caudalmiddlefrontal
125;rh.caudalmiddlefrontal_7;9;ctx-rh-caudalmiddlefrontal
126;rh.caudalmiddlefrontal_5;9;ctx-rh-caudalmiddlefrontal
127;rh.caudalmiddlefrontal_11;9;ctx-rh-caudalmiddlefrontal
128;rh.caudalmiddlefrontal_10;9;ctx-rh-caudalmiddlefrontal
129;rh.caudalmiddlefrontal_1;9;ctx-rh-caudalmiddlefrontal
130;rh.caudalmiddlefrontal_9;9;ctx-rh-caudalmiddlefrontal
131;rh.caudalmiddlefrontal_6;9;ctx-rh-caudalmiddlefrontal
132;rh.precentral_12;10;ctx-rh-precentral
133;rh.precentral_35;10;ctx-rh-precentral
134;rh.precentral_28;10;ctx-rh-precentral
135;rh.precentral_36;10;ctx-rh-precentral
136;rh.precentral_31;10;ctx-rh-precentral
137;rh.precentral_5;10;ctx-rh-precentral
138;rh.precentral_21;10;ctx-rh-precentral
139;rh.precentral_1;10;ctx-rh-precentral
140;rh.precentral_8;10;ctx-rh-precentral
141;rh.precentral_20;10;ctx-rh-precentral
142;rh.precentral_34;10;ctx-rh-precentral
143;rh.precentral_2;10;ctx-rh-precentral
144;rh.precentral_23;10;ctx-rh-precentral
145;rh.precentral_19;10;ctx-rh-precentral
146;rh.precentral_22;10;ctx-rh-precentral
147;rh.precentral_26;10;ctx-rh-precentral
148;rh.precentral_6;10;ctx-rh-precentral
149;rh.precentral_10;10;ctx-rh-precentral
150;rh.precentral_3;10;ctx-rh-precentral
151;rh.precentral_9;10;ctx-rh-precentral
152;rh.precentral_4;10;ctx-rh-precentral
153;rh.precentral_32;10;ctx-rh-precentral
154;rh.precentral_16;10;ctx-rh-precentral
155;rh.precentral_15;10;ctx-rh-precentral
156;rh.precentral_30;10;ctx-rh-precentral
157;rh.precentral_18;10;ctx-rh-precentral
158;rh.precentral_27;10;ctx-rh-precentral
159;rh.precentral_7;10;ctx-rh-precentral
160;rh.precentral_11;10;ctx-rh-precentral
161;rh.precentral_14;10;ctx-rh-precentral
162;rh.precentral_33;10;ctx-rh-precentral
163;rh.precentral_24;10;ctx-rh-precentral
164;rh.precentral_13;10;ctx-rh-precentral
165;rh.precentral_29;10;ctx-rh-precentral
166;rh.precentral_25;10;ctx-rh-precentral
167;rh.precentral_17;10;ctx-rh-precentral
168;rh.paracentral_1;11;ctx-rh-paracentral
169;rh.paracentral_9;11;ctx-rh-paracentral
170;rh.paracentral_4;11;ctx-rh-paracentral
171;rh.paracentral_2;11;ctx-rh-paracentral
172;rh.paracentral_3;11;ctx-rh-paracentral
173;rh.paracentral_5;11;ctx-rh-paracentral
174;rh.paracentral_12;11;ctx-rh-paracentral
175;rh.paracentral_6;11;ctx-rh-paracentral
176;rh.paracentral_10;11;ctx-rh-paracentral
177;rh.paracentral_11;11;ctx-rh-paracentral
178;rh.paracentral_7;11;ctx-rh-paracentral
179;rh.paracentral_8;11;ctx-rh-paracentral
180;rh.rostralanteriorcingulate_2;12;ctx-rh-rostralanteriorcingulate
181;rh.rostralanteriorcingulate_1;12;ctx-rh-rostralanteriorcingulate
182;rh.rostralanteriorcingulate_4;12;ctx-rh-rostralanteriorcingulate
183;rh.rostralanteriorcingulate_3;12;ctx-rh-rostralanteriorcingulate
184;rh.caudalanteriorcingulate_1;13;ctx-rh-caudalanteriorcingulate
185;rh.caudalanteriorcingulate_6;13;ctx-rh-caudalanteriorcingulate
186;rh.caudalanteriorcingulate_4;13;ctx-rh-caudalanteriorcingulate
187;rh.caudalanteriorcingulate_2;13;ctx-rh-caudalanteriorcingulate
188;rh.caudalanteriorcingulate_3;13;ctx-rh-caudalanteriorcingulate
189;rh.caudalanteriorcingulate_5;13;ctx-rh-caudalanteriorcingulate
190;rh.posteriorcingulate_8;14;ctx-rh-posteriorcingulate
191;rh.posteriorcingulate_1;14;ctx-rh-posteriorcingulate
192;rh.posteriorcingulate_7;14;ctx-rh-posteriorcingulate
193;rh.posteriorcingulate_2;14;ctx-rh-posteriorcingulate
194;rh.posteriorcingulate_5;14;ctx-rh-posteriorcingulate
195;rh.posteriorcingulate_3;14;ctx-rh-posteriorcingulate
196;rh.posteriorcingulate_9;14;ctx-rh-posteriorcingulate
197;rh.posteriorcingulate_4;14;ctx-rh-posteriorcingulate
198;rh.posteriorcingulate_6;14;ctx-rh-posteriorcingulate
199;rh.isthmuscingulate_3;15;ctx-rh-isthmuscingulate
200;rh.isthmuscingulate_1;15;ctx-rh-isthmuscingulate
201;rh.isthmuscingulate_2;15;ctx-rh-isthmuscingulate
202;rh.isthmuscingulate_4;15;ctx-rh-isthmuscingulate
203;rh.isthmuscingulate_5;15;ctx-rh-isthmuscingulate
204;rh.isthmuscingulate_6;15;ctx-rh-isthmuscingulate
205;rh.postcentral_24;16;ctx-rh-postcentral
206;rh.postcentral_26;16;ctx-rh-postcentral
207;rh.postcentral_6;16;ctx-rh-postcentral
208;rh.postcentral_20;16;ctx-rh-postcentral
209;rh.postcentral_25;16;ctx-rh-postcentral
210;rh.postcentral_11;16;ctx-rh-postcentral
211;rh.postcentral_3;16;ctx-rh-postcentral
212;rh.postcentral_18;16;ctx-rh-postcentral
213;rh.postcentral_27;16;ctx-rh-postcentral
214;rh.postcentral_13;16;ctx-rh-postcentral
215;rh.postcentral_23;16;ctx-rh-postcentral
216;rh.postcentral_9;16;ctx-rh-postcentral
217;rh.postcentral_17;16;ctx-rh-postcentral
218;rh.postcentral_30;16;ctx-rh-postcentral
219;rh.postcentral_22;16;ctx-rh-postcentral
220;rh.postcentral_7;16;ctx-rh-postcentral
221;rh.postcentral_4;16;ctx-rh-postcentral
222;rh.postcentral_5;16;ctx-rh-postcentral
223;rh.postcentral_29;16;ctx-rh-postcentral
224;rh.postcentral_1;16;ctx-rh-postcentral
225;rh.postcentral_16;16;ctx-rh-postcentral
226;rh.postcentral_14;16;ctx-rh-postcentral
227;rh.postcentral_12;16;ctx-rh-postcentral
228;rh.postcentral_21;16;ctx-rh-postcentral
229;rh.postcentral_8;16;ctx-rh-postcentral
230;rh.postcentral_10;16;ctx-rh-postcentral
231;rh.postcentral_2;16;ctx-rh-postcentral
232;rh.postcentral_19;16;ctx-rh-postcentral
233;rh.postcentral_15;16;ctx-rh-postcentral
234;rh.postcentral_28;16;ctx-rh-postcentral
235;rh.supramarginal_19;17;ctx-rh-supramarginal
236;rh.supramarginal_10;17;ctx-rh-supramarginal
237;rh.supramarginal_11;17;ctx-rh-supramarginal
238;rh.supramarginal_13;17;ctx-rh-supramarginal
239;rh.supramarginal_18;17;ctx-rh-supramarginal
240;rh.supramarginal_20;17;ctx-rh-supramarginal
241;rh.supramarginal_8;17;ctx-rh-supramarginal
242;rh.supramarginal_4;17;ctx-rh-supramarginal
243;rh.supramarginal_15;17;ctx-rh-supramarginal
244;rh.supramarginal_9;17;ctx-rh-supramarginal
245;rh.supramarginal_3;17;ctx-rh-supramarginal
246;rh.supramarginal_14;17;ctx-rh-supramarginal
247;rh.supramarginal_16;17;ctx-rh-supramarginal
248;rh.supramarginal_2;17;ctx-rh-supramarginal
249;rh.supramarginal_6;17;ctx-rh-supramarginal
250;rh.supramarginal_12;17;ctx-rh-supramarginal
251;rh.supramarginal_1;17;ctx-rh-supramarginal
252;rh.supramarginal_7;17;ctx-rh-supramarginal
253;rh.supramarginal_5;17;ctx-rh-supramarginal
254;rh.supramarginal_17;17;ctx-rh-supramarginal
255;rh.superiorparietal_13;18;ctx-rh-superiorparietal
256;rh.superiorparietal_24;18;ctx-rh-superiorparietal
257;rh.superiorparietal_18;18;ctx-rh-superiorparietal
258;rh.superiorparietal_10;18;ctx-rh-superiorparietal
259;rh.superiorparietal_29;18;ctx-rh-superiorparietal
260;rh.superiorparietal_4;18;ctx-rh-superiorparietal
261;rh.superiorparietal_12;18;ctx-rh-superiorparietal
262;rh.superiorparietal_15;18;ctx-rh-superiorparietal
263;rh.superiorparietal_28;18;ctx-rh-superiorparietal
264;rh.superiorparietal_16;18;ctx-rh-superiorparietal
265;rh.superiorparietal_17;18;ctx-rh-superiorparietal
266;rh.superiorparietal_7;18;ctx-rh-superiorparietal
267;rh.superiorparietal_20;18;ctx-rh-superiorparietal
268;rh.superiorparietal_25;18;ctx-rh-superiorparietal
269;rh.superiorparietal_22;18;ctx-rh-superiorparietal
270;rh.superiorparietal_9;18;ctx-rh-superiorparietal
271;rh.superiorparietal_5;18;ctx-rh-superiorparietal
272;rh.superiorparietal_26;18;ctx-rh-superiorparietal
273;rh.superiorparietal_23;18;ctx-rh-superiorparietal
274;rh.superiorparietal_2;18;ctx-rh-superiorparietal
275;rh.superiorparietal_14;18;ctx-rh-superiorparietal
276;rh.superiorparietal_11;18;ctx-rh-superiorparietal
277;rh.superiorparietal_21;18;ctx-rh-superiorparietal
278;rh.superiorparietal_19;18;ctx-rh-superiorparietal
279;rh.superiorparietal_6;18;ctx-rh-superiorparietal
280;rh.superiorparietal_27;18;ctx-rh-superiorparietal
281;rh.superiorparietal_1;18;ctx-rh-superiorparietal
282;rh.superiorparietal_3;18;ctx-rh-superiorparietal
283;rh.superiorparietal_8;18;ctx-rh-superiorparietal
284;rh.inferiorparietal_13;19;ctx-rh-inferiorparietal
285;rh.inferiorparietal_21;19;ctx-rh-inferiorparietal
286;rh.inferiorparietal_11;19;ctx-rh-inferiorparietal
287;rh.inferiorparietal_3;19;ctx-rh-inferiorparietal
288;rh.inferiorparietal_4;19;ctx-rh-inferiorparietal
289;rh.inferiorparietal_25;19;ctx-rh-inferiorparietal
290;rh.inferiorparietal_12;19;ctx-rh-inferiorparietal
291;rh.inferiorparietal_8;19;ctx-rh-inferiorparietal
292;rh.inferiorparietal_16;19;ctx-rh-inferiorparietal
293;rh.inferiorparietal_26;19;ctx-rh-inferiorparietal
294;rh.inferiorparietal_2;19;ctx-rh-inferiorparietal
295;rh.inferiorparietal_17;19;ctx-rh-inferiorparietal
296;rh.inferiorparietal_5;19;ctx-rh-inferiorparietal
297;rh.inferiorparietal_1;19;ctx-rh-inferiorparietal
298;rh.inferiorparietal_19;19;ctx-rh-inferiorparietal
299;rh.inferiorparietal_14;19;ctx-rh-inferiorparietal
300;rh.inferiorparietal_9;19;ctx-rh-inferiorparietal
301;rh.inferiorparietal_18;19;ctx-rh-inferiorparietal
302;rh.inferiorparietal_10;19;ctx-rh-inferiorparietal
303;rh.inferiorparietal_20;19;ctx-rh-inferiorparietal
304;rh.inferiorparietal_22;19;ctx-rh-inferiorparietal
305;rh.inferiorparietal_23;19;ctx-rh-inferiorparietal
306;rh.inferiorparietal_6;19;ctx-rh-inferiorparietal
307;rh.inferiorparietal_7;19;ctx-rh-inferiorparietal
308;rh.inferiorparietal_15;19;ctx-rh-inferiorparietal
309;rh.inferiorparietal_24;19;ctx-rh-inferiorparietal
310;rh.precuneus_2;20;ctx-rh-precuneus
311;rh.precuneus_1;20;ctx-rh-precuneus
312;rh.precuneus_3;20;ctx-rh-precuneus
313;rh.precuneus_6;20;ctx-rh-precuneus
314;rh.precuneus_19;20;ctx-rh-precuneus
315;rh.precuneus_10;20;ctx-rh-precuneus
316;rh.precuneus_16;20;ctx-rh-precuneus
317;rh.precuneus_12;20;ctx-rh-precuneus
318;rh.precuneus_22;20;ctx-rh-precuneus
319;rh.precuneus_9;20;ctx-rh-precuneus
320;rh.precuneus_21;20;ctx-rh-precuneus
321;rh.precuneus_7;20;ctx-rh-precuneus
322;rh.precuneus_15;20;ctx-rh-precuneus
323;rh.precuneus_14;20;ctx-rh-precuneus
324;rh.precuneus_11;20;ctx-rh-precuneus
325;rh.precuneus_8;20;ctx-rh-precuneus
326;rh.precuneus_20;20;ctx-rh-precuneus
327;rh.precuneus_4;20;ctx-rh-precuneus
328;rh.precuneus_5;20;ctx-rh-precuneus
329;rh.precuneus_23;20;ctx-rh-precuneus
330;rh.precuneus_18;20;ctx-rh-precuneus
331;rh.precuneus_13;20;ctx-rh-precuneus
332;rh.precuneus_17;20;ctx-rh-precuneus
333;rh.cuneus_1;21;ctx-rh-cuneus
334;rh.cuneus_2;21;ctx-rh-cuneus
335;rh.cuneus_8;21;ctx-rh-cuneus
336;rh.cuneus_3;21;ctx-rh-cuneus
337;rh.cuneus_7;21;ctx-rh-cuneus
338;rh.cuneus_6;21;ctx-rh-cuneus
339;rh.cuneus_5;21;ctx-rh-cuneus
340;rh.cuneus_4;21;ctx-rh-cuneus
341;rh.pericalcarine_1;22;ctx-rh-pericalcarine
342;rh.pericalcarine_5;22;ctx-rh-pericalcarine
343;rh.pericalcarine_3;22;ctx-rh-pericalcarine
344;rh.pericalcarine_7;22;ctx-rh-pericalcarine
345;rh.pericalcarine_2;22;ctx-rh-pericalcarine
346;rh.pericalcarine_6;22;ctx-rh-pericalcarine
347;rh.pericalcarine_4;22;ctx-rh-pericalcarine
348;rh.pericalcarine_8;22;ctx-rh-pericalcarine
349;rh.lateraloccipital_18;23;ctx-rh-lateraloccipital
350;rh.lateraloccipital_13;23;ctx-rh-lateraloccipital
351;rh.lateraloccipital_12;23;ctx-rh-lateraloccipital
352;rh.lateraloccipital_20;23;ctx-rh-lateraloccipital
353;rh.lateraloccipital_1;23;ctx-rh-lateraloccipital
354;rh.lateraloccipital_9;23;ctx-rh-lateraloccipital
355;rh.lateraloccipital_15;23;ctx-rh-lateraloccipital
356;rh.lateraloccipital_16;23;ctx-rh-lateraloccipital
357;rh.lateraloccipital_23;23;ctx-rh-lateraloccipital
358;rh.lateraloccipital_7;23;ctx-rh-lateraloccipital
359;rh.lateraloccipital_3;23;ctx-rh-lateraloccipital
360;rh.lateraloccipital_17;23;ctx-rh-lateraloccipital
361;rh.lateraloccipital_14;23;ctx-rh-lateraloccipital
362;rh.lateraloccipital_21;23;ctx-rh-lateraloccipital
363;rh.lateraloccipital_10;23;ctx-rh-lateraloccipital
364;rh.lateraloccipital_8;23;ctx-rh-lateraloccipital
365;rh.lateraloccipital_4;23;ctx-rh-lateraloccipital
366;rh.lateraloccipital_19;23;ctx-rh-lateraloccipital
367;rh.lateraloccipital_6;23;ctx-rh-lateraloccipital
368;rh.lateraloccipital_2;23;ctx-rh-lateraloccipital
369;rh.lateraloccipital_5;23;ctx-rh-lateraloccipital
370;rh.lateraloccipital_22;23;ctx-rh-lateraloccipital
371;rh.lateraloccipital_11;23;ctx-rh-lateraloccipital
372;rh.lingual_16;24;ctx-rh-lingual
373;rh.lingual_8;24;ctx-rh-lingual
374;rh.lingual_14;24;ctx-rh-lingual
375;rh.lingual_4;24;ctx-rh-lingual
376;rh.lingual_10;24;ctx-rh-lingual
377;rh.lingual_13;24;ctx-rh-lingual
378;rh.lingual_11;24;ctx-rh-lingual
379;rh.lingual_9;24;ctx-rh-lingual
380;rh.lingual_12;24;ctx-rh-lingual
381;rh.lingual_3;24;ctx-rh-lingual
382;rh.lingual_2;24;ctx-rh-lingual
383;rh.lingual_7;24;ctx-rh-lingual
384;rh.lingual_1;24;ctx-rh-lingual
385;rh.lingual_6;24;ctx-rh-lingual
386;rh.lingual_15;24;ctx-rh-lingual
387;rh.lingual_17;24;ctx-rh-lingual
388;rh.lingual_5;24;ctx-rh-lingual
389;rh.fusiform_9;25;ctx-rh-fusiform
390;rh.fusiform_2;25;ctx-rh-fusiform
391;rh.fusiform_5;25;ctx-rh-fusiform
392;rh.fusiform_12;25;ctx-rh-fusiform
393;rh.fusiform_14;25;ctx-rh-fusiform
394;rh.fusiform_8;25;ctx-rh-fusiform
395;rh.fusiform_6;25;ctx-rh-fusiform
396;rh.fusiform_17;25;ctx-rh-fusiform
397;rh.fusiform_15;25;ctx-rh-fusiform
398;rh.fusiform_11;25;ctx-rh-fusiform
399;rh.fusiform_13;25;ctx-rh-fusiform
400;rh.fusiform_7;25;ctx-rh-fusiform
401;rh.fusiform_4;25;ctx-rh-fusiform
402;rh.fusiform_3;25;ctx-rh-fusiform
403;rh.fusiform_1;25;ctx-rh-fusiform
404;rh.fusiform_10;25;ctx-rh-fusiform
405;rh.fusiform_16;25;ctx-rh-fusiform
406;rh.parahippocampal_3;26;ctx-rh-parahippocampal
407;rh.parahippocampal_2;26;ctx-rh-parahippocampal
408;rh.parahippocampal_1;26;ctx-rh-parahippocampal
409;rh.parahippocampal_6;26;ctx-rh-parahippocampal
410;rh.parahippocampal_5;26;ctx-rh-parahippocampal
411;rh.parahippocampal_4;26;ctx-rh-parahippocampal
412;rh.entorhinal_1;27;ctx-rh-entorhinal
413;rh.entorhinal_2;27;ctx-rh-entorhinal
414;rh.temporalpole_1;28;ctx-rh-temporalpole
415;rh.temporalpole_2;28;ctx-rh-temporalpole
416;rh.temporalpole_3;28;ctx-rh-temporalpole
417;rh.inferiortemporal_16;29;ctx-rh-inferiortemporal
418;rh.inferiortemporal_3;29;ctx-rh-inferiortemporal
419;rh.inferiortemporal_5;29;ctx-rh-inferiortemporal
420;rh.inferiortemporal_9;29;ctx-rh-inferiortemporal
421;rh.inferiortemporal_11;29;ctx-rh-inferiortemporal
422;rh.inferiortemporal_8;29;ctx-rh-inferiortemporal
423;rh.inferiortemporal_1;29;ctx-rh-inferiortemporal
424;rh.inferiortemporal_4;29;ctx-rh-inferiortemporal
425;rh.inferiortemporal_7;29;ctx-rh-inferiortemporal
426;rh.inferiortemporal_2;29;ctx-rh-inferiortemporal
427;rh.inferiortemporal_6;29;ctx-rh-inferiortemporal
428;rh.inferiortemporal_10;29;ctx-rh-inferiortemporal
429;rh.inferiortemporal_12;29;ctx-rh-inferiortemporal
430;rh.inferiortemporal_15;29;ctx-rh-inferiortemporal
431;rh.inferiortemporal_14;29;ctx-rh-inferiortemporal
432;rh.inferiortemporal_13;29;ctx-rh-inferiortemporal
433;rh.middletemporal_12;30;ctx-rh-middletemporal
434;rh.middletemporal_16;30;ctx-rh-middletemporal
435;rh.middletemporal_13;30;ctx-rh-middletemporal
436;rh.middletemporal_15;30;ctx-rh-middletemporal
437;rh.middletemporal_6;30;ctx-rh-middletemporal
438;rh.middletemporal_11;30;ctx-rh-middletemporal
439;rh.middletemporal_10;30;ctx-rh-middletemporal
440;rh.middletemporal_4;30;ctx-rh-middletemporal
441;rh.middletemporal_14;30;ctx-rh-middletemporal
442;rh.middletemporal_7;30;ctx-rh-middletemporal
443;rh.middletemporal_17;30;ctx-rh-middletemporal
444;rh.middletemporal_8;30;ctx-rh-middletemporal
445;rh.middletemporal_9;30;ctx-rh-middletemporal
446;rh.middletemporal_1;30;ctx-rh-middletemporal
447;rh.middletemporal_3;30;ctx-rh-middletemporal
448;rh.middletemporal_5;30;ctx-rh-middletemporal
449;rh.middletemporal_19;30;ctx-rh-middletemporal
450;rh.middletemporal_2;30;ctx-rh-middletemporal
451;rh.middletemporal_18;30;ctx-rh-middletemporal
452;rh.bankssts_3;31;ctx-rh-bankssts
453;rh.bankssts_6;31;ctx-rh-bankssts
454;rh.bankssts_2;31;ctx-rh-bankssts
455;rh.bankssts_1;31;ctx-rh-bankssts
456;rh.bankssts_4;31;ctx-rh-bankssts
457;rh.bankssts_5;31;ctx-rh-bankssts
458;rh.superiortemporal_9;32;ctx-rh-superiortemporal
459;rh.superiortemporal_25;32;ctx-rh-superiortemporal
460;rh.superiortemporal_14;32;ctx-rh-superiortemporal
461;rh.superiortemporal_6;32;ctx-rh-superiortemporal
462;rh.superiortemporal_7;32;ctx-rh-superiortemporal
463;rh.superiortemporal_16;32;ctx-rh-superiortemporal
464;rh.superiortemporal_19;32;ctx-rh-superiortemporal
465;rh.superiortemporal_15;32;ctx-rh-superiortemporal
466;rh.superiortemporal_12;32;ctx-rh-superiortemporal
467;rh.superiortemporal_21;32;ctx-rh-superiortemporal
468;rh.superiortemporal_24;32;ctx-rh-superiortemporal
469;rh.superiortemporal_2;32;ctx-rh-superiortemporal
470;rh.superiortemporal_22;32;ctx-rh-superiortemporal
471;rh.superiortemporal_13;32;ctx-rh-superiortemporal
472;rh.superiortemporal_5;32;ctx-rh-superiortemporal
473;rh.superiortemporal_11;32;ctx-rh-superiortemporal
474;rh.superiortemporal_3;32;ctx-rh-superiortemporal
475;rh.superiortemporal_17;32;ctx-rh-superiortemporal
476;rh.superiortemporal_18;32;ctx-rh-superiortemporal
477;rh.superiortemporal_8;32;ctx-rh-superiortemporal
478;rh.superiortemporal_4;32;ctx-rh-superiortemporal
479;rh.superiortemporal_23;32;ctx-rh-superiortemporal
480;rh.superiortemporal_20;32;ctx-rh-superiortemporal
481;rh.superiortemporal_10;32;ctx-rh-superiortemporal
482;rh.superiortemporal_1;32;ctx-rh-superiortemporal
483;rh.transversetemporal_1;33;ctx-rh-transversetemporal
484;rh.transversetemporal_2;33;ctx-rh-transversetemporal
485;rh.transversetemporal_3;33;ctx-rh-transversetemporal
486;rh.insula_16;34;ctx-rh-insula
487;rh.insula_13;34;ctx-rh-insula
488;rh.insula_6;34;ctx-rh-insula
489;rh.insula_4;34;ctx-rh-insula
490;rh.insula_5;34;ctx-rh-insula
491;rh.insula_15;34;ctx-rh-insula
492;rh.insula_8;34;ctx-rh-insula
493;rh.insula_11;34;ctx-rh-insula
494;rh.insula_10;34;ctx-rh-insula
495;rh.insula_1;34;ctx-rh-insula
496;rh.insula_7;34;ctx-rh-insula
497;rh.insula_14;34;ctx-rh-insula
498;rh.insula_3;34;ctx-rh-insula
499;rh.insula_2;34;ctx-rh-insula
500;rh.insula_12;34;ctx-rh-insula
501;rh.insula_9;34;ctx-rh-insula
502;Right-Thalamus-Proper;35;Right-Thalamus-Proper
503;Right-Caudate;36;Right-Caudate
504;Right-Putamen;37;Right-Putamen
505;Right-Pallidum;38;Right-Pallidum
506;Right-Accumbens-area;39;Right-Accumbens-area
507;Right-Hippocampus;40;Right-Hippocampus
508;Right-Amygdala;41;Right-Amygdala
509;lh.lateralorbitofrontal_9;42;ctx-lh-lateralorbitofrontal
510;lh.lateralorbitofrontal_4;42;ctx-lh-lateralorbitofrontal
511;lh.lateralorbitofrontal_6;42;ctx-lh-lateralorbitofrontal
512;lh.lateralorbitofrontal_3;42;ctx-lh-lateralorbitofrontal
513;lh.lateralorbitofrontal_13;42;ctx-lh-lateralorbitofrontal
514;lh.lateralorbitofrontal_2;42;ctx-lh-lateralorbitofrontal
515;lh.lateralorbitofrontal_16;42;ctx-lh-lateralorbitofrontal
516;lh.lateralorbitofrontal_7;42;ctx-lh-lateralorbitofrontal
517;lh.lateralorbitofrontal_10;42;ctx-lh-lateralorbitofrontal
518;lh.lateralorbitofrontal_12;42;ctx-lh-lateralorbitofrontal
519;lh.lateralorbitofrontal_14;42;ctx-lh-lateralorbitofrontal
520;lh.lateralorbitofrontal_11;42;ctx-lh-lateralorbitofrontal
521;lh.lateralorbitofrontal_8;42;ctx-lh-lateralorbitofrontal
522;lh.lateralorbitofrontal_5;42;ctx-lh-lateralorbitofrontal
523;lh.lateralorbitofrontal_1;42;ctx-lh-lateralorbitofrontal
524;lh.lateralorbitofrontal_15;42;ctx-lh-lateralorbitofrontal
525;lh.parsorbitalis_3;43;ctx-lh-parsorbitalis
526;lh.parsorbitalis_2;43;ctx-lh-parsorbitalis
527;lh.parsorbitalis_1;43;ctx-lh-parsorbitalis
528;lh.parsorbitalis_4;43;ctx-lh-parsorbitalis
529;lh.frontalpole_1;44;ctx-lh-frontalpole
530;lh.frontalpole_2;44;ctx-lh-frontalpole
531;lh.medialorbitofrontal_6;45;ctx-lh-medialorbitofrontal
532;lh.medialorbitofrontal_8;45;ctx-lh-medialorbitofrontal
533;lh.medialorbitofrontal_4;45;ctx-lh-medialorbitofrontal
534;lh.medialorbitofrontal_5;45;ctx-lh-medialorbitofrontal
535;lh.medialorbitofrontal_3;45;ctx-lh-medialorbitofrontal
536;lh.medialorbitofrontal_10;45;ctx-lh-medialorbitofrontal
537;lh.medialorbitofrontal_9;45;ctx-lh-medialorbitofrontal
538;lh.medialorbitofrontal_7;45;ctx-lh-medialorbitofrontal
539;lh.medialorbitofrontal_1;45;ctx-lh-medialorbitofrontal
540;lh.medialorbitofrontal_2;45;ctx-lh-medialorbitofrontal
541;lh.parstriangularis_3;46;ctx-lh-parstriangularis
542;lh.parstriangularis_4;46;ctx-lh-parstriangularis
543;lh.parstriangularis_7;46;ctx-lh-parstriangularis
544;lh.parstriangularis_5;46;ctx-lh-parstriangularis
545;lh.parstriangularis_6;46;ctx-lh-parstriangularis
546;lh.parstriangularis_2;46;ctx-lh-parstriangularis
547;lh.parstriangularis_1;46;ctx-lh-parstriangularis
548;lh.parsopercularis_6;47;ctx-lh-parsopercularis
549;lh.parsopercularis_7;47;ctx-lh-parsopercularis
550;lh.parsopercularis_2;47;ctx-lh-parsopercularis
551;lh.parsopercularis_9;47;ctx-lh-parsopercularis
552;lh.parsopercularis_8;47;ctx-lh-parsopercularis
553;lh.parsopercularis_4;47;ctx-lh-parsopercularis
554;lh.parsopercularis_10;47;ctx-lh-parsopercularis
555;lh.parsopercularis_3;47;ctx-lh-parsopercularis
556;lh.parsopercularis_5;47;ctx-lh-parsopercularis
557;lh.parsopercularis_1;47;ctx-lh-parsopercularis
558;lh.rostralmiddlefrontal_17;48;ctx-lh-rostralmiddlefrontal
559;lh.rostralmiddlefrontal_15;48;ctx-lh-rostralmiddlefrontal
560;lh.rostralmiddlefrontal_13;48;ctx-lh-rostralmiddlefrontal
561;lh.rostralmiddlefrontal_9;48;ctx-lh-rostralmiddlefrontal
562;lh.rostralmiddlefrontal_19;48;ctx-lh-rostralmiddlefrontal
563;lh.rostralmiddlefrontal_16;48;ctx-lh-rostralmiddlefrontal
564;lh.rostralmiddlefrontal_6;48;ctx-lh-rostralmiddlefrontal
565;lh.rostralmiddlefrontal_22;48;ctx-lh-rostralmiddlefrontal
566;lh.rostralmiddlefrontal_4;48;ctx-lh-rostralmiddlefrontal
567;lh.rostralmiddlefrontal_26;48;ctx-lh-rostralmiddlefrontal
568;lh.rostralmiddlefrontal_18;48;ctx-lh-rostralmiddlefrontal
569;lh.rostralmiddlefrontal_24;48;ctx-lh-rostralmiddlefrontal
570;lh.rostralmiddlefrontal_5;48;ctx-lh-rostralmiddlefrontal
571;lh.rostralmiddlefrontal_10;48;ctx-lh-rostralmiddlefrontal
572;lh.rostralmiddlefrontal_21;48;ctx-lh-rostralmiddlefrontal
573;lh.rostralmiddlefrontal_23;48;ctx-lh-rostralmiddlefrontal
574;lh.rostralmiddlefrontal_12;48;ctx-lh-rostralmiddlefrontal
575;lh.rostralmiddlefrontal_11;48;ctx-lh-rostralmiddlefrontal
576;lh.rostralmiddlefrontal_8;48;ctx-lh-rostralmiddlefrontal
577;lh.rostralmiddlefrontal_20;48;ctx-lh-rostralmiddlefrontal
578;lh.rostralmiddlefrontal_7;48;ctx-lh-rostralmiddlefrontal
579;lh.rostralmiddlefrontal_14;48;ctx-lh-rostralmiddlefrontal
580;lh.rostralmiddlefrontal_3;48;ctx-lh-rostralmiddlefrontal
581;lh.rostralmiddlefrontal_2;48;ctx-lh-rostralmiddlefrontal
582;lh.rostralmiddlefrontal_25;48;ctx-lh-rostralmiddlefrontal
583;lh.rostralmiddlefrontal_1;48;ctx-lh-rostralmiddlefrontal
584;lh.superiorfrontal_11;49;ctx-lh-superiorfrontal
585;lh.superiorfrontal_32;49;ctx-lh-superiorfrontal
586;lh.superiorfrontal_8;49;ctx-lh-superiorfrontal
587;lh.superiorfrontal_14;49;ctx-lh-superiorfrontal
588;lh.superiorfrontal_16;49;ctx-lh-superiorfrontal
589;lh.superiorfrontal_10;49;ctx-lh-superiorfrontal
590;lh.superiorfrontal_35;49;ctx-lh-superiorfrontal
591;lh.superiorfrontal_42;49;ctx-lh-superiorfrontal
592;lh.superiorfrontal_24;49;ctx-lh-superiorfrontal
593;lh.superiorfrontal_39;49;ctx-lh-superiorfrontal
594;lh.superiorfrontal_23;49;ctx-lh-superiorfrontal
595;lh.superiorfrontal_9;49;ctx-lh-superiorfrontal
596;lh.superiorfrontal_1;49;ctx-lh-superiorfrontal
597;lh.superiorfrontal_38;49;ctx-lh-superiorfrontal
598;lh.superiorfrontal_45;49;ctx-lh-superiorfrontal
599;lh.superiorfrontal_12;49;ctx-lh-superiorfrontal
600;lh.superiorfrontal_4;49;ctx-lh-superiorfrontal
601;lh.superiorfrontal_21;49;ctx-lh-superiorfrontal
602;lh.superiorfrontal_29;49;ctx-lh-superiorfrontal
603;lh.superiorfrontal_44;49;ctx-lh-superiorfrontal
604;lh.superiorfrontal_19;49;ctx-lh-superiorfrontal
605;lh.superiorfrontal_30;49;ctx-lh-superiorfrontal
606;lh.superiorfrontal_28;49;ctx-lh-superiorfrontal
607;lh.superiorfrontal_22;49;ctx-lh-superiorfrontal
608;lh.superiorfrontal_27;49;ctx-lh-superiorfrontal
609;lh.superiorfrontal_20;49;ctx-lh-superiorfrontal
610;lh.superiorfrontal_37;49;ctx-lh-superiorfrontal
611;lh.superiorfrontal_40;49;ctx-lh-superiorfrontal
612;lh.superiorfrontal_36;49;ctx-lh-superiorfrontal
613;lh.superiorfrontal_7;49;ctx-lh-superiorfrontal
614;lh.superiorfrontal_2;49;ctx-lh-superiorfrontal
615;lh.superiorfrontal_18;49;ctx-lh-superiorfrontal
616;lh.superiorfrontal_34;49;ctx-lh-superiorfrontal
617;lh.superiorfrontal_33;49;ctx-lh-superiorfrontal
618;lh.superiorfrontal_3;49;ctx-lh-superiorfrontal
619;lh.superiorfrontal_31;49;ctx-lh-superiorfrontal
620;lh.superiorfrontal_25;49;ctx-lh-superiorfrontal
621;lh.superiorfrontal_5;49;ctx-lh-superiorfrontal
622;lh.superiorfrontal_15;49;ctx-lh-superiorfrontal
623;lh.superiorfrontal_43;49;ctx-lh-superiorfrontal
624;lh.superiorfrontal_26;49;ctx-lh-superiorfrontal
625;lh.superiorfrontal_6;49;ctx-lh-superiorfrontal
626;lh.superiorfrontal_13;49;ctx-lh-superiorfrontal
627;lh.superiorfrontal_17;49;ctx-lh-superiorfrontal
628;lh.superiorfrontal_41;49;ctx-lh-superiorfrontal
629;lh.caudalmiddlefrontal_9;50;ctx-lh-caudalmiddlefrontal
630;lh.caudalmiddlefrontal_8;50;ctx-lh-caudalmiddlefrontal
631;lh.caudalmiddlefrontal_1;50;ctx-lh-caudalmiddlefrontal
632;lh.caudalmiddlefrontal_13;50;ctx-lh-caudalmiddlefrontal
633;lh.caudalmiddlefrontal_5;50;ctx-lh-caudalmiddlefrontal
634;lh.caudalmiddlefrontal_3;50;ctx-lh-caudalmiddlefrontal
635;lh.caudalmiddlefrontal_6;50;ctx-lh-caudalmiddlefrontal
636;lh.caudalmiddlefrontal_11;50;ctx-lh-caudalmiddlefrontal
637;lh.caudalmiddlefrontal_4;50;ctx-lh-caudalmiddlefrontal
638;lh.caudalmiddlefrontal_12;50;ctx-lh-caudalmiddlefrontal
639;lh.caudalmiddlefrontal_7;50;ctx-lh-caudalmiddlefrontal
640;lh.caudalmiddlefrontal_2;50;ctx-lh-caudalmiddlefrontal
641;lh.caudalmiddlefrontal_10;50;ctx-lh-caudalmiddlefrontal
642;lh.precentral_31;51;ctx-lh-precentral
643;lh.precentral_30;51;ctx-lh-precentral
644;lh.precentral_12;51;ctx-lh-precentral
645;lh.precentral_17;51;ctx-lh-precentral
646;lh.precentral_24;51;ctx-lh-precentral
647;lh.precentral_33;51;ctx-lh-precentral
648;lh.precentral_3;51;ctx-lh-precentral
649;lh.precentral_19;51;ctx-lh-precentral
650;lh.precentral_26;51;ctx-lh-precentral
651;lh.precentral_21;51;ctx-lh-precentral
652;lh.precentral_10;51;ctx-lh-precentral
653;lh.precentral_2;51;ctx-lh-precentral
654;lh.precentral_16;51;ctx-lh-precentral
655;lh.precentral_35;51;ctx-lh-precentral
656;lh.precentral_9;51;ctx-lh-precentral
657;lh.precentral_4;51;ctx-lh-precentral
658;lh.precentral_13;51;ctx-lh-precentral
659;lh.precentral_14;51;ctx-lh-precentral
660;lh.precentral_5;51;ctx-lh-precentral
661;lh.precentral_6;51;ctx-lh-precentral
662;lh.precentral_25;51;ctx-lh-precentral
663;lh.precentral_27;51;ctx-lh-precentral
664;lh.precentral_20;51;ctx-lh-precentral
665;lh.precentral_29;51;ctx-lh-precentral
666;lh.precentral_11;51;ctx-lh-precentral
667;lh.precentral_18;51;ctx-lh-precentral
668;lh.precentral_8;51;ctx-lh-precentral
669;lh.precentral_15;51;ctx-lh-precentral
670;lh.precentral_32;51;ctx-lh-precentral
671;lh.precentral_1;51;ctx-lh-precentral
672;lh.precentral_22;51;ctx-lh-precentral
673;lh.precentral_7;51;ctx-lh-precentral
674;lh.precentral_34;51;ctx-lh-precentral
675;lh.precentral_28;51;ctx-lh-precentral
676;lh.precentral_23;51;ctx-lh-precentral
677;lh.paracentral_7;52;ctx-lh-paracentral
678;lh.paracentral_1;52;ctx-lh-paracentral
679;lh.paracentral_8;52;ctx-lh-paracentral
680;lh.paracentral_2;52;ctx-lh-paracentral
681;lh.paracentral_10;52;ctx-lh-paracentral
682;lh.paracentral_9;52;ctx-lh-paracentral
683;lh.paracentral_3;52;ctx-lh-paracentral
684;lh.paracentral_4;52;ctx-lh-paracentral
685;lh.paracentral_6;52;ctx-lh-paracentral
686;lh.paracentral_5;52;ctx-lh-paracentral
687;lh.paracentral_11;52;ctx-lh-paracentral
688;lh.rostralanteriorcingulate_1;53;ctx-lh-rostralanteriorcingulate
689;lh.rostralanteriorcingulate_4;53;ctx-lh-rostralanteriorcingulate
690;lh.rostralanteriorcingulate_3;53;ctx-lh-rostralanteriorcingulate
691;lh.rostralanteriorcingulate_2;53;ctx-lh-rostralanteriorcingulate
692;lh.rostralanteriorcingulate_5;53;ctx-lh-rostralanteriorcingulate
693;lh.caudalanteriorcingulate_5;54;ctx-lh-caudalanteriorcingulate
694;lh.caudalanteriorcingulate_4;54;ctx-lh-caudalanteriorcingulate
695;lh.caudalanteriorcingulate_1;54;ctx-lh-caudalanteriorcingulate
696;lh.caudalanteriorcingulate_2;54;ctx-lh-caudalanteriorcingulate
697;lh.caudalanteriorcingulate_3;54;ctx-lh-caudalanteriorcingulate
698;lh.posteriorcingulate_5;55;ctx-lh-posteriorcingulate
699;lh.posteriorcingulate_4;55;ctx-lh-posteriorcingulate
700;lh.posteriorcingulate_8;55;ctx-lh-posteriorcingulate
701;lh.posteriorcingulate_2;55;ctx-lh-posteriorcingulate
702;lh.posteriorcingulate_3;55;ctx-lh-posteriorcingulate
703;lh.posteriorcingulate_6;55;ctx-lh-posteriorcingulate
704;lh.posteriorcingulate_9;55;ctx-lh-posteriorcingulate
705;lh.posteriorcingulate_7;55;ctx-lh-posteriorcingulate
706;lh.posteriorcingulate_1;55;ctx-lh-posteriorcingulate
707;lh.isthmuscingulate_4;56;ctx-lh-isthmuscingulate
708;lh.isthmuscingulate_6;56;ctx-lh-isthmuscingulate
709;lh.isthmuscingulate_7;56;ctx-lh-isthmuscingulate
710;lh.isthmuscingulate_1;56;ctx-lh-isthmuscingulate
711;lh.isthmuscingulate_5;56;ctx-lh-isthmuscingulate
712;lh.isthmuscingulate_2;56;ctx-lh-isthmuscingulate
713;lh.isthmuscingulate_3;56;ctx-lh-isthmuscingulate
714;lh.postcentral_6;57;ctx-lh-postcentral
715;lh.postcentral_23;57;ctx-lh-postcentral
716;lh.postcentral_28;57;ctx-lh-postcentral
717;lh.postcentral_2;57;ctx-lh-postcentral
718;lh.postcentral_14;57;ctx-lh-postcentral
719;lh.postcentral_24;57;ctx-lh-postcentral
720;lh.postcentral_18;57;ctx-lh-postcentral
721;lh.postcentral_25;57;ctx-lh-postcentral
722;lh.postcentral_16;57;ctx-lh-postcentral
723;lh.postcentral_21;57;ctx-lh-postcentral
724;lh.postcentral_22;57;ctx-lh-postcentral
725;lh.postcentral_29;57;ctx-lh-postcentral
726;lh.postcentral_30;57;ctx-lh-postcentral
727;lh.postcentral_13;57;ctx-lh-postcentral
728;lh.postcentral_4;57;ctx-lh-postcentral
729;lh.postcentral_17;57;ctx-lh-postcentral
730;lh.postcentral_8;57;ctx-lh-postcentral
731;lh.postcentral_31;57;ctx-lh-postcentral
732;lh.postcentral_3;57;ctx-lh-postcentral
733;lh.postcentral_1;57;ctx-lh-postcentral
734;lh.postcentral_9;57;ctx-lh-postcentral
735;lh.postcentral_26;57;ctx-lh-postcentral
736;lh.postcentral_27;57;ctx-lh-postcentral
737;lh.postcentral_12;57;ctx-lh-postcentral
738;lh.postcentral_10;57;ctx-lh-postcentral
739;lh.postcentral_20;57;ctx-lh-postcentral
740;lh.postcentral_15;57;ctx-lh-postcentral
741;lh.postcentral_11;57;ctx-lh-postcentral
742;lh.postcentral_19;57;ctx-lh-postcentral
743;lh.postcentral_5;57;ctx-lh-postcentral
744;lh.postcentral_7;57;ctx-lh-postcentral
745;lh.supramarginal_1;58;ctx-lh-supramarginal
746;lh.supramarginal_7;58;ctx-lh-supramarginal
747;lh.supramarginal_5;58;ctx-lh-supramarginal
748;lh.supramarginal_14;58;ctx-lh-supramarginal
749;lh.supramarginal_13;58;ctx-lh-supramarginal
750;lh.supramarginal_2;58;ctx-lh-supramarginal
751;lh.supramarginal_3;58;ctx-lh-supramarginal
752;lh.supramarginal_12;58;ctx-lh-supramarginal
753;lh.supramarginal_6;58;ctx-lh-supramarginal
754;lh.supramarginal_11;58;ctx-lh-supramarginal
755;lh.supramarginal_17;58;ctx-lh-supramarginal
756;lh.supramarginal_4;58;ctx-lh-supramarginal
757;lh.supramarginal_16;58;ctx-lh-supramarginal
758;lh.supramarginal_15;58;ctx-lh-supramarginal
759;lh.supramarginal_19;58;ctx-lh-supramarginal
760;lh.supramarginal_8;58;ctx-lh-supramarginal
761;lh.supramarginal_10;58;ctx-lh-supramarginal
762;lh.supramarginal_9;58;ctx-lh-supramarginal
763;lh.supramarginal_20;58;ctx-lh-supramarginal
764;lh.supramarginal_21;58;ctx-lh-supramarginal
765;lh.supramarginal_18;58;ctx-lh-supramarginal
766;lh.superiorparietal_26;59;ctx-lh-superiorparietal
767;lh.superiorparietal_24;59;ctx-lh-superiorparietal
768;lh.superiorparietal_20;59;ctx-lh-superiorparietal
769;lh.superiorparietal_27;59;ctx-lh-superiorparietal
770;lh.superiorparietal_25;59;ctx-lh-superiorparietal
771;lh.superiorparietal_13;59;ctx-lh-superiorparietal
772;lh.superiorparietal_22;59;ctx-lh-superiorparietal
773;lh.superiorparietal_8;59;ctx-lh-superiorparietal
774;lh.superiorparietal_15;59;ctx-lh-superiorparietal
775;lh.superiorparietal_12;59;ctx-lh-superiorparietal
776;lh.superiorparietal_19;59;ctx-lh-superiorparietal
777;lh.superiorparietal_21;59;ctx-lh-superiorparietal
778;lh.superiorparietal_10;59;ctx-lh-superiorparietal
779;lh.superiorparietal_16;59;ctx-lh-superiorparietal
780;lh.superiorparietal_11;59;ctx-lh-superiorparietal
781;lh.superiorparietal_18;59;ctx-lh-superiorparietal
782;lh.superiorparietal_28;59;ctx-lh-superiorparietal
783;lh.superiorparietal_14;59;ctx-lh-superiorparietal
784;lh.superiorparietal_4;59;ctx-lh-superiorparietal
785;lh.superiorparietal_6;59;ctx-lh-superiorparietal
786;lh.superiorparietal_2;59;ctx-lh-superiorparietal
787;lh.superiorparietal_5;59;ctx-lh-superiorparietal
788;lh.superiorparietal_7;59;ctx-lh-superiorparietal
789;lh.superiorparietal_3;59;ctx-lh-superiorparietal
790;lh.superiorparietal_9;59;ctx-lh-superiorparietal
791;lh.superiorparietal_1;59;ctx-lh-superiorparietal
792;lh.superiorparietal_23;59;ctx-lh-superiorparietal
793;lh.superiorparietal_17;59;ctx-lh-superiorparietal
794;lh.superiorparietal_29;59;ctx-lh-superiorparietal
795;lh.inferiorparietal_3;60;ctx-lh-inferiorparietal
796;lh.inferiorparietal_16;60;ctx-lh-inferiorparietal
797;lh.inferiorparietal_19;60;ctx-lh-inferiorparietal
798;lh.inferiorparietal_6;60;ctx-lh-inferiorparietal
799;lh.inferiorparietal_9;60;ctx-lh-inferiorparietal
800;lh.inferiorparietal_10;60;ctx-lh-inferiorparietal
801;lh.inferiorparietal_15;60;ctx-lh-inferiorparietal
802;lh.inferiorparietal_8;60;ctx-lh-inferiorparietal
803;lh.inferiorparietal_4;60;ctx-lh-inferiorparietal
804;lh.inferiorparietal_5;60;ctx-lh-inferiorparietal
805;lh.inferiorparietal_2;60;ctx-lh-inferiorparietal
806;lh.inferiorparietal_18;60;ctx-lh-inferiorparietal
807;lh.inferiorparietal_17;60;ctx-lh-inferiorparietal
808;lh.inferiorparietal_21;60;ctx-lh-inferiorparietal
809;lh.inferiorparietal_12;60;ctx-lh-inferiorparietal
810;lh.inferiorparietal_22;60;ctx-lh-inferiorparietal
811;lh.inferiorparietal_7;60;ctx-lh-inferiorparietal
812;lh.inferiorparietal_11;60;ctx-lh-inferiorparietal
813;lh.inferiorparietal_13;60;ctx-lh-inferiorparietal
814;lh.inferiorparietal_14;60;ctx-lh-inferiorparietal
815;lh.inferiorparietal_1;60;ctx-lh-inferiorparietal
816;lh.inferiorparietal_20;60;ctx-lh-inferiorparietal
817;lh.precuneus_14;61;ctx-lh-precuneus
818;lh.precuneus_16;61;ctx-lh-precuneus
819;lh.precuneus_1;61;ctx-lh-precuneus
820;lh.precuneus_10;61;ctx-lh-precuneus
821;lh.precuneus_8;61;ctx-lh-precuneus
822;lh.precuneus_3;61;ctx-lh-precuneus
823;lh.precuneus_20;61;ctx-lh-precuneus
824;lh.precuneus_2;61;ctx-lh-precuneus
825;lh.precuneus_4;61;ctx-lh-precuneus
826;lh.precuneus_12;61;ctx-lh-precuneus
827;lh.precuneus_13;61;ctx-lh-precuneus
828;lh.precuneus_7;61;ctx-lh-precuneus
829;lh.precuneus_17;61;ctx-lh-precuneus
830;lh.precuneus_5;61;ctx-lh-precuneus
831;lh.precuneus_22;61;ctx-lh-precuneus
832;lh.precuneus_6;61;ctx-lh-precuneus
833;lh.precuneus_11;61;ctx-lh-precuneus
834;lh.precuneus_19;61;ctx-lh-precuneus
835;lh.precuneus_21;61;ctx-lh-precuneus
836;lh.precuneus_9;61;ctx-lh-precuneus
837;lh.precuneus_15;61;ctx-lh-precuneus
838;lh.precuneus_18;61;ctx-lh-precuneus
839;lh.cuneus_5;62;ctx-lh-cuneus
840;lh.cuneus_6;62;ctx-lh-cuneus
841;lh.cuneus_1;62;ctx-lh-cuneus
842;lh.cuneus_4;62;ctx-lh-cuneus
843;lh.cuneus_2;62;ctx-lh-cuneus
844;lh.cuneus_3;62;ctx-lh-cuneus
845;lh.cuneus_7;62;ctx-lh-cuneus
846;lh.pericalcarine_7;63;ctx-lh-pericalcarine
847;lh.pericalcarine_1;63;ctx-lh-pericalcarine
848;lh.pericalcarine_4;63;ctx-lh-pericalcarine
849;lh.pericalcarine_2;63;ctx-lh-pericalcarine
850;lh.pericalcarine_5;63;ctx-lh-pericalcarine
851;lh.pericalcarine_3;63;ctx-lh-pericalcarine
852;lh.pericalcarine_6;63;ctx-lh-pericalcarine
853;lh.lateraloccipital_1;64;ctx-lh-lateraloccipital
854;lh.lateraloccipital_20;64;ctx-lh-lateraloccipital
855;lh.lateraloccipital_10;64;ctx-lh-lateraloccipital
856;lh.lateraloccipital_6;64;ctx-lh-lateraloccipital
857;lh.lateraloccipital_2;64;ctx-lh-lateraloccipital
858;lh.lateraloccipital_4;64;ctx-lh-lateraloccipital
859;lh.lateraloccipital_7;64;ctx-lh-lateraloccipital
860;lh.lateraloccipital_11;64;ctx-lh-lateraloccipital
861;lh.lateraloccipital_13;64;ctx-lh-lateraloccipital
862;lh.lateraloccipital_12;64;ctx-lh-lateraloccipital
863;lh.lateraloccipital_14;64;ctx-lh-lateraloccipital
864;lh.lateraloccipital_15;64;ctx-lh-lateraloccipital
865;lh.lateraloccipital_19;64;ctx-lh-lateraloccipital
866;lh.lateraloccipital_3;64;ctx-lh-lateraloccipital
867;lh.lateraloccipital_18;64;ctx-lh-lateraloccipital
868;lh.lateraloccipital_22;64;ctx-lh-lateraloccipital
869;lh.lateraloccipital_21;64;ctx-lh-lateraloccipital
870;lh.lateraloccipital_23;64;ctx-lh-lateraloccipital
871;lh.lateraloccipital_5;64;ctx-lh-lateraloccipital
872;lh.lateraloccipital_17;64;ctx-lh-lateraloccipital
873;lh.lateraloccipital_16;64;ctx-lh-lateraloccipital
874;lh.lateraloccipital_9;64;ctx-lh-lateraloccipital
875;lh.lateraloccipital_8;64;ctx-lh-lateraloccipital
876;lh.lingual_14;65;ctx-lh-lingual
877;lh.lingual_11;65;ctx-lh-lingual
878;lh.lingual_3;65;ctx-lh-lingual
879;lh.lingual_4;65;ctx-lh-lingual
880;lh.lingual_16;65;ctx-lh-lingual
881;lh.lingual_1;65;ctx-lh-lingual
882;lh.lingual_8;65;ctx-lh-lingual
883;lh.lingual_10;65;ctx-lh-lingual
884;lh.lingual_6;65;ctx-lh-lingual
885;lh.lingual_9;65;ctx-lh-lingual
886;lh.lingual_13;65;ctx-lh-lingual
887;lh.lingual_5;65;ctx-lh-lingual
888;lh.lingual_2;65;ctx-lh-lingual
889;lh.lingual_15;65;ctx-lh-lingual
890;lh.lingual_12;65;ctx-lh-lingual
891;lh.lingual_17;65;ctx-lh-lingual
892;lh.lingual_7;65;ctx-lh-lingual
893;lh.fusiform_12;66;ctx-lh-fusiform
894;lh.fusiform_7;66;ctx-lh-fusiform
895;lh.fusiform_17;66;ctx-lh-fusiform
896;lh.fusiform_15;66;ctx-lh-fusiform
897;lh.fusiform_6;66;ctx-lh-fusiform
898;lh.fusiform_5;66;ctx-lh-fusiform
899;lh.fusiform_10;66;ctx-lh-fusiform
900;lh.fusiform_1;66;ctx-lh-fusiform
901;lh.fusiform_11;66;ctx-lh-fusiform
902;lh.fusiform_4;66;ctx-lh-fusiform
903;lh.fusiform_16;66;ctx-lh-fusiform
904;lh.fusiform_2;66;ctx-lh-fusiform
905;lh.fusiform_3;66;ctx-lh-fusiform
906;lh.fusiform_8;66;ctx-lh-fusiform
907;lh.fusiform_9;66;ctx-lh-fusiform
908;lh.fusiform_14;66;ctx-lh-fusiform
909;lh.fusiform_13;66;ctx-lh-fusiform
910;lh.fusiform_18;66;ctx-lh-fusiform
911;lh.parahippocampal_3;67;ctx-lh-parahippocampal
912;lh.parahippocampal_6;67;ctx-lh-parahippocampal
913;lh.parahippocampal_1;67;ctx-lh-parahippocampal
914;lh.parahippocampal_4;67;ctx-lh-parahippocampal
915;lh.parahippocampal_5;67;ctx-lh-parahippocampal
916;lh.parahippocampal_2;67;ctx-lh-parahippocampal
917;lh.entorhinal_2;68;ctx-lh-entorhinal
918;lh.entorhinal_1;68;ctx-lh-entorhinal
919;lh.entorhinal_3;68;ctx-lh-entorhinal
920;lh.temporalpole_2;69;ctx-lh-temporalpole
921;lh.temporalpole_1;69;ctx-lh-temporalpole
922;lh.temporalpole_3;69;ctx-lh-temporalpole
923;lh.inferiortemporal_15;70;ctx-lh-inferiortemporal
924;lh.inferiortemporal_11;70;ctx-lh-inferiortemporal
925;lh.inferiortemporal_6;70;ctx-lh-inferiortemporal
926;lh.inferiortemporal_2;70;ctx-lh-inferiortemporal
927;lh.inferiortemporal_5;70;ctx-lh-inferiortemporal
928;lh.inferiortemporal_8;70;ctx-lh-inferiortemporal
929;lh.inferiortemporal_14;70;ctx-lh-inferiortemporal
930;lh.inferiortemporal_13;70;ctx-lh-inferiortemporal
931;lh.inferiortemporal_4;70;ctx-lh-inferiortemporal
932;lh.inferiortemporal_1;70;ctx-lh-inferiortemporal
933;lh.inferiortemporal_9;70;ctx-lh-inferiortemporal
934;lh.inferiortemporal_3;70;ctx-lh-inferiortemporal
935;lh.inferiortemporal_10;70;ctx-lh-inferiortemporal
936;lh.inferiortemporal_12;70;ctx-lh-inferiortemporal
937;lh.inferiortemporal_16;70;ctx-lh-inferiortemporal
938;lh.inferiortemporal_7;70;ctx-lh-inferiortemporal
939;lh.middletemporal_6;71;ctx-lh-middletemporal
940;lh.middletemporal_16;71;ctx-lh-middletemporal
941;lh.middletemporal_10;71;ctx-lh-middletemporal
942;lh.middletemporal_7;71;ctx-lh-middletemporal
943;lh.middletemporal_3;71;ctx-lh-middletemporal
944;lh.middletemporal_1;71;ctx-lh-middletemporal
945;lh.middletemporal_13;71;ctx-lh-middletemporal
946;lh.middletemporal_8;71;ctx-lh-middletemporal
947;lh.middletemporal_14;71;ctx-lh-middletemporal
948;lh.middletemporal_5;71;ctx-lh-middletemporal
949;lh.middletemporal_11;71;ctx-lh-middletemporal
950;lh.middletemporal_9;71;ctx-lh-middletemporal
951;lh.middletemporal_15;71;ctx-lh-middletemporal
952;lh.middletemporal_2;71;ctx-lh-middletemporal
953;lh.middletemporal_4;71;ctx-lh-middletemporal
954;lh.middletemporal_12;71;ctx-lh-middletemporal
955;lh.bankssts_1;72;ctx-lh-bankssts
956;lh.bankssts_3;72;ctx-lh-bankssts
957;lh.bankssts_2;72;ctx-lh-bankssts
958;lh.bankssts_6;72;ctx-lh-bankssts
959;lh.bankssts_4;72;ctx-lh-bankssts
960;lh.bankssts_5;72;ctx-lh-bankssts
961;lh.superiortemporal_26;73;ctx-lh-superiortemporal
962;lh.superiortemporal_20;73;ctx-lh-superiortemporal
963;lh.superiortemporal_11;73;ctx-lh-superiortemporal
964;lh.superiortemporal_4;73;ctx-lh-superiortemporal
965;lh.superiortemporal_24;73;ctx-lh-superiortemporal
966;lh.superiortemporal_18;73;ctx-lh-superiortemporal
967;lh.superiortemporal_3;73;ctx-lh-superiortemporal
968;lh.superiortemporal_21;73;ctx-lh-superiortemporal
969;lh.superiortemporal_17;73;ctx-lh-superiortemporal
970;lh.superiortemporal_25;73;ctx-lh-superiortemporal
971;lh.superiortemporal_9;73;ctx-lh-superiortemporal
972;lh.superiortemporal_19;73;ctx-lh-superiortemporal
973;lh.superiortemporal_16;73;ctx-lh-superiortemporal
974;lh.superiortemporal_6;73;ctx-lh-superiortemporal
975;lh.superiortemporal_13;73;ctx-lh-superiortemporal
976;lh.superiortemporal_8;73;ctx-lh-superiortemporal
977;lh.superiortemporal_23;73;ctx-lh-superiortemporal
978;lh.superiortemporal_15;73;ctx-lh-superiortemporal
979;lh.superiortemporal_12;73;ctx-lh-superiortemporal
980;lh.superiortemporal_5;73;ctx-lh-superiortemporal
981;lh.superiortemporal_10;73;ctx-lh-superiortemporal
982;lh.superiortemporal_1;73;ctx-lh-superiortemporal
983;lh.superiortemporal_22;73;ctx-lh-superiortemporal
984;lh.superiortemporal_14;73;ctx-lh-superiortemporal
985;lh.superiortemporal_7;73;ctx-lh-superiortemporal
986;lh.superiortemporal_2;73;ctx-lh-superiortemporal
987;lh.transversetemporal_4;74;ctx-lh-transversetemporal
988;lh.transversetemporal_1;74;ctx-lh-transversetemporal
989;lh.transversetemporal_3;74;ctx-lh-transversetemporal
990;lh.transversetemporal_2;74;ctx-lh-transversetemporal
991;lh.insula_5;75;ctx-lh-insula
992;lh.insula_2;75;ctx-lh-insula
993;lh.insula_16;75;ctx-lh-insula
994;lh.insula_12;75;ctx-lh-insula
995;lh.insula_1;75;ctx-lh-insula
996;lh.insula_8;75;ctx-lh-insula
997;lh.insula_14;75;ctx-lh-insula
998;lh.insula_10;75;ctx-lh-insula
999;lh.insula_9;75;ctx-lh-insula
1000;lh.insula_13;75;ctx-lh-insula
1001;lh.insula_11;75;ctx-lh-insula
1002;lh.insula_6;75;ctx-lh-insula
1003;lh.insula_15;75;ctx-lh-insula
1004;lh.insula_4;75;ctx-lh-insula
1005;lh.insula_7;75;ctx-lh-insula
1006;lh.insula_3;75;ctx-lh-insula
1007;lh.insula_17;75;ctx-lh-insula
1008;Left-Thalamus-Proper;76;Left-Thalamus-Proper
1009;Left-Caudate;77;Left-Caudate
1010;Left-Putamen;78;Left-Putamen
1011;Left-Pallidum;79;Left-Pallidum
1012;Left-Accumbens-area;80;Left-Accumbens-area
1013;Left-Hippocampus;81;Left-Hippocampus
1014;Left-Amygdala;82;Left-Amygdala
1015;Brain-Stem;83;Brain-Stem
